{
  "project_info": {
    "project_number": "57730312644",
    "firebase_url": "https://order-food-6f64e.firebaseio.com",
    "project_id": "order-food-6f64e",
    "storage_bucket": "order-food-6f64e.appspot.com"
  },
  "client": [
    {
      "client_info": {
        "mobilesdk_app_id": "1:57730312644:android:2671af96a93c668a2e1c91",
        "android_client_info": {
          "package_name": "com.trangdv.orderfood"
        }
      },
      "oauth_client": [
        {
          "client_id": "57730312644-utgm491jf7n4ejt0hecja32s3eog8d9k.apps.googleusercontent.com",
          "client_type": 1,
          "android_info": {
            "package_name": "com.trangdv.orderfood",
            "certificate_hash": "68aceea2a283c3bec6e5b6a44f6cdd11bc56736c"
          }
        },
        {
          "client_id": "57730312644-42ih3lf3lot35d6oe3v7h6l2djrvn7us.apps.googleusercontent.com",
          "client_type": 3
        }
      ],
      "api_key": [
        {
          "current_key": "AIzaSyAbOZJ_CbitLuQ7_yslJtIRpEAtYg4kjKQ"
        }
      ],
      "services": {
        "appinvite_service": {
          "other_platform_oauth_client": [
            {
              "client_id": "57730312644-42ih3lf3lot35d6oe3v7h6l2djrvn7us.apps.googleusercontent.com",
              "client_type": 3
            }
          ]
        }
      }
    }
  ],
  "configuration_version": "1"
}